id,Leave_Next_Month
0,0.5
1,0.5
2,0.50
3,0.5
5,0.5
6,0.5
10,0.5
12,0.5
13,0.5
15,0.5
17,0.5
18,0.5
20,0.5
22,0.5
25,0.5
26,0.5
27,0.5
28,0.5
29,0.5
32,0.5
36,0.5
39,0.5
40,0.5
41,0.5
42,0.5
44,0.5
45,0.5
47,0.5
48,0.5
52,0.5
55,0.5
57,0.5
58,0.5
59,0.5
62,0.5
64,0.5
65,0.5
70,0.5
71,0.5
77,0.5
78,0.5
79,0.5
84,0.5
85,0.5
86,0.5
88,0.5
90,0.5
91,0.5
92,0.5
93,0.5
94,0.5
98,0.5
101,0.5
104,0.5
107,0.5
110,0.5
112,0.5
114,0.5
116,0.5
117,0.5
118,0.5
119,0.5
127,0.5
128,0.5
130,0.5
131,0.5
132,0.5
133,0.5
135,0.5
136,0.5
137,0.5
138,0.5
139,0.5
141,0.5
144,0.5
145,0.5
147,0.5
148,0.5
153,0.5
154,0.5
156,0.5
158,0.5
160,0.5
164,0.5
166,0.5
167,0.5
168,0.5
170,0.5
171,0.5
172,0.5
174,0.5
176,0.5
179,0.5
181,0.5
184,0.5
186,0.5
190,0.5
192,0.5
193,0.5
194,0.5
195,0.5
198,0.5
199,0.5
201,0.5
206,0.5
210,0.5
212,0.5
213,0.5
215,0.5
217,0.5
220,0.5
225,0.5
228,0.5
234,0.5
235,0.5
237,0.5
238,0.5
248,0.5
251,0.5
254,0.5
256,0.5
257,0.5
260,0.5
261,0.5
263,0.5
265,0.5
266,0.5
269,0.5
272,0.5
274,0.5
275,0.5
282,0.5
283,0.5
287,0.5
288,0.5
290,0.5
293,0.5
294,0.5
298,0.5
299,0.5
300,0.5
302,0.5
303,0.5
304,0.5
305,0.5
307,0.5
308,0.5
310,0.5
314,0.5
315,0.5
319,0.5
320,0.5
321,0.5
322,0.5
323,0.5
324,0.5
326,0.5
329,0.5
335,0.5
337,0.5
340,0.5
341,0.5
342,0.5
343,0.5
344,0.5
351,0.5
353,0.5
354,0.5
359,0.5
361,0.5
363,0.5
364,0.5
365,0.5
369,0.5
375,0.5
376,0.5
379,0.5
380,0.5
381,0.5
383,0.5
385,0.5
390,0.5
392,0.5
393,0.5
394,0.5
396,0.5
397,0.5
398,0.5
399,0.5
402,0.5
403,0.5
406,0.5
408,0.5
409,0.5
410,0.5
411,0.5
412,0.5
413,0.5
415,0.5
416,0.5
418,0.5
423,0.5
428,0.5
430,0.5
431,0.5
432,0.5
433,0.5
435,0.5
436,0.5
439,0.5
441,0.5
442,0.5
445,0.5
447,0.5
448,0.5
452,0.5
453,0.5
455,0.5
456,0.5
459,0.5
462,0.5
464,0.5
467,0.5
471,0.5
473,0.5
476,0.5
479,0.5
480,0.5
481,0.5
484,0.5
485,0.5
486,0.5
488,0.5
490,0.5
493,0.5
494,0.5
495,0.5
496,0.5
497,0.5
503,0.5
504,0.5
505,0.5
506,0.5
508,0.5
510,0.5
516,0.5
517,0.5
519,0.5
520,0.5
522,0.5
524,0.5
527,0.5
528,0.5
531,0.5
533,0.5
534,0.5
535,0.5
536,0.5
537,0.5
538,0.5
539,0.5
540,0.5
542,0.5
545,0.5
547,0.5
549,0.5
550,0.5
551,0.5
554,0.5
555,0.5
556,0.5
557,0.5
559,0.5
560,0.5
562,0.5
563,0.5
564,0.5
565,0.5
566,0.5
567,0.5
569,0.5
571,0.5
573,0.5
577,0.5
578,0.5
579,0.5
580,0.5
582,0.5
583,0.5
585,0.5
588,0.5
590,0.5
591,0.5
592,0.5
593,0.5
596,0.5
597,0.5
602,0.5
603,0.5
604,0.5
605,0.5
608,0.5
609,0.5
612,0.5
613,0.5
614,0.5
617,0.5
622,0.5
623,0.5
624,0.5
626,0.5
627,0.5
628,0.5
629,0.5
631,0.5
634,0.5
635,0.5
637,0.5
638,0.5
641,0.5
642,0.5
645,0.5
649,0.5
652,0.5
653,0.5
655,0.5
656,0.5
658,0.5
659,0.5
661,0.5
662,0.5
666,0.5
667,0.5
669,0.5
672,0.5
677,0.5
678,0.5
679,0.5
680,0.5
684,0.5
685,0.5
686,0.5
687,0.5
688,0.5
692,0.5
693,0.5
694,0.5
695,0.5
697,0.5
698,0.5
699,0.5
700,0.5
702,0.5
703,0.5
704,0.5
707,0.5
708,0.5
709,0.5
713,0.5
714,0.5
715,0.5
718,0.5
721,0.5
724,0.5
725,0.5
726,0.5
729,0.5
730,0.5
733,0.5
734,0.5
736,0.5
739,0.5
740,0.5
741,0.5
743,0.5
746,0.5
747,0.5
749,0.5
756,0.5
757,0.5
758,0.5
759,0.5
766,0.5
767,0.5
768,0.5
771,0.5
772,0.5
774,0.5
776,0.5
778,0.5
780,0.5
785,0.5
787,0.5
793,0.5
796,0.5
800,0.5
803,0.5
807,0.5
811,0.5
812,0.5
815,0.5
817,0.5
819,0.5
820,0.5
821,0.5
823,0.5
829,0.5
830,0.5
832,0.5
835,0.5
836,0.5
837,0.5
840,0.5
841,0.5
842,0.5
845,0.5
846,0.5
848,0.5
849,0.5
851,0.5
853,0.5
856,0.5
858,0.5
863,0.5
866,0.5
870,0.5
871,0.5
873,0.5
877,0.5
878,0.5
879,0.5
880,0.5
884,0.5
887,0.5
892,0.5
903,0.5
904,0.5
906,0.5
908,0.5
910,0.5
912,0.5
913,0.5
914,0.5
915,0.5
916,0.5
917,0.5
919,0.5
920,0.5
922,0.5
923,0.5
924,0.5
925,0.5
926,0.5
928,0.5
932,0.5
935,0.5
936,0.5
941,0.5
942,0.5
943,0.5
945,0.5
947,0.5
949,0.5
950,0.5
951,0.5
952,0.5
955,0.5
960,0.5
961,0.5
963,0.5
964,0.5
970,0.5
971,0.5
975,0.5
976,0.5
977,0.5
979,0.5
981,0.5
985,0.5
987,0.5
988,0.5
990,0.5
992,0.5
994,0.5
995,0.5
996,0.5
997,0.5
998,0.5
999,0.5
1001,0.5
1002,0.5
1004,0.5
1006,0.5
1009,0.5
1010,0.5
1011,0.5
1017,0.5
1018,0.5
1019,0.5
1020,0.5
1021,0.5
1023,0.5
1027,0.5
1029,0.5
1030,0.5
1031,0.5
1037,0.5
1038,0.5
1041,0.5
1042,0.5
1046,0.5
1050,0.5
1056,0.5
1058,0.5
1060,0.5
1061,0.5
1065,0.5
1066,0.5
1068,0.5
1069,0.5
1070,0.5
1073,0.5
1074,0.5
1077,0.5
1080,0.5
1081,0.5
1082,0.5
1083,0.5
1085,0.5
1088,0.5
1092,0.5
1094,0.5
1095,0.5
1097,0.5
1103,0.5
1104,0.5
1106,0.5
1107,0.5
1108,0.5
1109,0.5
1112,0.5
1113,0.5
1115,0.5
1116,0.5
1118,0.5
1119,0.5
1122,0.5
1123,0.5
1124,0.5
1127,0.5
1129,0.5
1130,0.5
1132,0.5
1134,0.5
1136,0.5
1138,0.5
1139,0.5
1140,0.5
1141,0.5
1145,0.5
1146,0.5
1147,0.5
1148,0.5
1150,0.5
1153,0.5
1156,0.5
1160,0.5
1162,0.5
1164,0.5
1165,0.5
1169,0.5
1177,0.5
1178,0.5
1182,0.5
1185,0.5
1189,0.5
1190,0.5
1191,0.5
1192,0.5
1193,0.5
1194,0.5
1197,0.5
1198,0.5
1202,0.5
1203,0.5
1205,0.5
1206,0.5
1212,0.5
1214,0.5
1215,0.5
1216,0.5
1217,0.5
1218,0.5
1220,0.5
1221,0.5
1223,0.5
1224,0.5
1225,0.5
1226,0.5
1227,0.5
1232,0.5
1234,0.5
1236,0.5
1237,0.5
1239,0.5
1243,0.5
1244,0.5
1246,0.5
1247,0.5
1248,0.5
1250,0.5
1251,0.5
1254,0.5
1255,0.5
1256,0.5
1257,0.5
1262,0.5
1263,0.5
1265,0.5
1266,0.5
1269,0.5
1272,0.5
1279,0.5
1282,0.5
1284,0.5
1286,0.5
1287,0.5
1290,0.5
1291,0.5
1292,0.5
1293,0.5
1297,0.5
1301,0.5
1303,0.5
1305,0.5
1311,0.5
1313,0.5
1319,0.5
1321,0.5
1324,0.5
1325,0.5
1328,0.5
1329,0.5
1330,0.5
1331,0.5
1333,0.5
1334,0.5
1337,0.5
1338,0.5
1342,0.5
1343,0.5
1344,0.5
1348,0.5
1350,0.5
1351,0.5
1352,0.5
1356,0.5
1360,0.5
1363,0.5
1364,0.5
1365,0.5
1366,0.5
1367,0.5
1368,0.5
1371,0.5
1372,0.5
1375,0.5
1377,0.5
1382,0.5
1386,0.5
1389,0.5
1391,0.5
1392,0.5
1394,0.5
1396,0.5
1398,0.5
1401,0.5
1403,0.5
1405,0.5
1407,0.5
1409,0.5
1412,0.5
1414,0.5
1416,0.5
1423,0.5
1425,0.5
1435,0.5
1438,0.5
1439,0.5
1441,0.5
1442,0.5
1443,0.5
1446,0.5
1447,0.5
1448,0.5
1449,0.5
1451,0.5
1453,0.5
1455,0.5
1456,0.5
1457,0.5
1460,0.5
1462,0.5
1463,0.5
1468,0.5
1469,0.5
1470,0.5
1473,0.5
1477,0.5
1478,0.5
1479,0.5
1480,0.5
1481,0.5
1484,0.5
1485,0.5
1487,0.5
1488,0.5
1489,0.5
1490,0.5
1492,0.5
1493,0.5
1495,0.5
1496,0.5
1499,0.5
1504,0.5
1505,0.5
1506,0.5
1510,0.5
1511,0.5
1516,0.5
1517,0.5
1518,0.5
1523,0.5
1525,0.5
1528,0.5
1532,0.5
1533,0.5
1534,0.5
1536,0.5
1537,0.5
1538,0.5
1539,0.5
1540,0.5
1542,0.5
1543,0.5
1544,0.5
1545,0.5
1547,0.5
1549,0.5
1550,0.5
1552,0.5
1554,0.5
1555,0.5
1558,0.5
1559,0.5
1562,0.5
1565,0.5
1567,0.5
1568,0.5
1571,0.5
1574,0.5
1577,0.5
1579,0.5
1586,0.5
1587,0.5
1588,0.5
1589,0.5
1591,0.5
1592,0.5
1594,0.5
1595,0.5
1597,0.5
1598,0.5
1600,0.5
1606,0.5
1607,0.5
1608,0.5
1609,0.5
1611,0.5
1612,0.5
1613,0.5
1615,0.5
1616,0.5
1618,0.5
1619,0.5
1620,0.5
1622,0.5
1623,0.5
1624,0.5
1628,0.5
1629,0.5
1630,0.5
1631,0.5
1633,0.5
1635,0.5
1637,0.5
1639,0.5
1640,0.5
1641,0.5
1642,0.5
1643,0.5
1644,0.5
1652,0.5
1653,0.5
1654,0.5
1657,0.5
1661,0.5
1662,0.5
1663,0.5
1666,0.5
1667,0.5
1669,0.5
1673,0.5
1677,0.5
1679,0.5
1680,0.5
1683,0.5
1684,0.5
1686,0.5
1687,0.5
1688,0.5
1689,0.5
1690,0.5
1695,0.5
1698,0.5
1699,0.5
1701,0.5
1702,0.5
1707,0.5
1708,0.5
1710,0.5
1711,0.5
1715,0.5
1719,0.5
1721,0.5
1723,0.5
1728,0.5
1730,0.5
1737,0.5
1739,0.5
1740,0.5
1744,0.5
1746,0.5
1748,0.5
1751,0.5
1755,0.5
1756,0.5
1757,0.5
1758,0.5
1759,0.5
1760,0.5
1763,0.5
1770,0.5
1772,0.5
1773,0.5
1774,0.5
1778,0.5
1781,0.5
1782,0.5
1783,0.5
1784,0.5
1792,0.5
1794,0.5
1795,0.5
1796,0.5
1799,0.5
1803,0.5
1808,0.5
1812,0.5
1814,0.5
1816,0.5
1817,0.5
1823,0.5
1824,0.5
1825,0.5
1826,0.5
1829,0.5
1834,0.5
1835,0.5
1837,0.5
1838,0.5
1841,0.5
1842,0.5
1844,0.5
1846,0.5
1854,0.5
1857,0.5
1858,0.5
1859,0.5
1863,0.5
1866,0.5
1869,0.5
1870,0.5
1871,0.5
1873,0.5
1874,0.5
1875,0.5
1877,0.5
1878,0.5
1879,0.5
1884,0.5
1885,0.5
1886,0.5
1887,0.5
1888,0.5
1889,0.5
1890,0.5
1893,0.5
1895,0.5
1896,0.5
1897,0.5
1899,0.5
1900,0.5
1907,0.5
1908,0.5
1909,0.5
1912,0.5
1913,0.5
1916,0.5
1918,0.5
1919,0.5
1920,0.5
1922,0.5
1923,0.5
1924,0.5
1925,0.5
1928,0.5
1932,0.5
1935,0.5
1936,0.5
1937,0.5
1938,0.5
1939,0.5
1940,0.5
1942,0.5
1943,0.5
1944,0.5
1945,0.5
1947,0.5
1949,0.5
1950,0.5
1965,0.5
1966,0.5
1967,0.5
1969,0.5
1971,0.5
1974,0.5
1975,0.5
1977,0.5
1978,0.5
1979,0.5
1980,0.5
1982,0.5
1984,0.5
1988,0.5
1990,0.5
1991,0.5
1992,0.5
1994,0.5
1997,0.5
1999,0.5
2001,0.5
2002,0.5
2003,0.5
2004,0.5
2009,0.5
2010,0.5
2012,0.5
2016,0.5
2020,0.5
2021,0.5
2024,0.5
2025,0.5
2026,0.5
2027,0.5
2031,0.5
2033,0.5
2036,0.5
2037,0.5
2038,0.5
2040,0.5
2041,0.5
2042,0.5
2043,0.5
2048,0.5
2050,0.5
2054,0.5
2056,0.5
2058,0.5
2059,0.5
2063,0.5
2068,0.5
2069,0.5
2073,0.5
2074,0.5
2075,0.5
2079,0.5
2080,0.5
2082,0.5
2083,0.5
2084,0.5
2085,0.5
2090,0.5
2091,0.5
2093,0.5
2095,0.5
2097,0.5
2098,0.5
2099,0.5
2100,0.5
2102,0.5
2107,0.5
2108,0.5
2109,0.5
2110,0.5
2111,0.5
2112,0.5
2117,0.5
2118,0.5
2120,0.5
2122,0.5
2123,0.5
2126,0.5
2127,0.5
2129,0.5
2130,0.5
2132,0.5
2133,0.5
2134,0.5
2139,0.5
2140,0.5
2141,0.5
2144,0.5
2146,0.5
2150,0.5
2151,0.5
2154,0.5
2156,0.5
2157,0.5
2159,0.5
2162,0.5
2164,0.5
2167,0.5
2171,0.5
2173,0.5
2177,0.5
2180,0.5
2181,0.5
2183,0.5
2187,0.5
2189,0.5
2191,0.5
2193,0.5
2194,0.5
2195,0.5
2198,0.5
2199,0.5
2203,0.5
2205,0.5
2206,0.5
2208,0.5
2209,0.5
2211,0.5
2212,0.5
2218,0.5
2220,0.5
2221,0.5
2224,0.5
2225,0.5
2227,0.5
2230,0.5
2231,0.5
2232,0.5
2234,0.5
2235,0.5
2236,0.5
2238,0.5
2240,0.5
2241,0.5
2242,0.5
2244,0.5
2247,0.5
2249,0.5
2251,0.5
2252,0.5
2257,0.5
2261,0.5
2263,0.5
2264,0.5
2267,0.5
2271,0.5
2273,0.5
2275,0.5
2278,0.5
2279,0.5
2281,0.5
2286,0.5
2288,0.5
2291,0.5
2294,0.5
2295,0.5
2296,0.5
2297,0.5
2300,0.5
2303,0.5
2304,0.5
2310,0.5
2311,0.5
2314,0.5
2315,0.5
2316,0.5
2317,0.5
2318,0.5
2320,0.5
2322,0.5
2323,0.5
2325,0.5
2327,0.5
2329,0.5
2330,0.5
2331,0.5
2332,0.5
2333,0.5
2334,0.5
2335,0.5
2337,0.5
2338,0.5
2340,0.5
2343,0.5
2344,0.5
2352,0.5
2354,0.5
2355,0.5
2357,0.5
2359,0.5
2361,0.5
2363,0.5
2367,0.5
2372,0.5
2373,0.5
2374,0.5
2380,0.5
2381,0.5
2382,0.5
2383,0.5
2384,0.5
2385,0.5
2387,0.5
2388,0.5
2389,0.5
2390,0.5
2392,0.5
2395,0.5
2396,0.5
2397,0.5
2398,0.5
2400,0.5
2405,0.5
2408,0.5
2409,0.5
2410,0.5
2411,0.5
2415,0.5
2417,0.5
2418,0.5
2419,0.5
2421,0.5
2428,0.5
2431,0.5
2432,0.5
2433,0.5
2434,0.5
2435,0.5
2436,0.5
2437,0.5
2441,0.5
2443,0.5
2444,0.5
2446,0.5
2447,0.5
2449,0.5
2451,0.5
2452,0.5
2455,0.5
2456,0.5
2457,0.5
2458,0.5
2459,0.5
2464,0.5
2465,0.5
2469,0.5
2472,0.5
2474,0.5
2475,0.5
2476,0.5
2479,0.5
2483,0.5
2484,0.5
2486,0.5
2488,0.5
2491,0.5
2492,0.5
2496,0.5
2497,0.5
2500,0.5
2501,0.5
2503,0.5
2506,0.5
2510,0.5
2511,0.5
2512,0.5
2514,0.5
2515,0.5
2518,0.5
2519,0.5
2520,0.5
2521,0.5
2524,0.5
2533,0.5
2534,0.5
2537,0.5
2540,0.5
2542,0.5
2543,0.5
2544,0.5
2546,0.5
2548,0.5
2549,0.5
2550,0.5
2552,0.5
2554,0.5
2556,0.5
2558,0.5
2559,0.5
2560,0.5
2562,0.5
2565,0.5
2567,0.5
2573,0.5
2576,0.5
2579,0.5
2580,0.5
2581,0.5
2585,0.5
2588,0.5
2592,0.5
2594,0.5
2596,0.5
2599,0.5
2601,0.5
2605,0.5
2606,0.5
2607,0.5
2608,0.5
2609,0.5
2612,0.5
2619,0.5
2620,0.5
2623,0.5
2625,0.5
2627,0.5
2629,0.5
2631,0.5
2633,0.5
2636,0.5
2637,0.5
2639,0.5
2641,0.5
2643,0.5
2644,0.5
2646,0.5
2647,0.5
2648,0.5
2651,0.5
2653,0.5
2654,0.5
2659,0.5
2660,0.5
2661,0.5
2663,0.5
2664,0.5
2665,0.5
2671,0.5
2672,0.5
2675,0.5
2676,0.5
2677,0.5
2680,0.5
2681,0.5
2682,0.5
2684,0.5
2685,0.5
2686,0.5
2687,0.5
2691,0.5
2694,0.5
2695,0.5
2698,0.5
2701,0.5
2702,0.5
2703,0.5
2704,0.5
2706,0.5
2709,0.5
2710,0.5
2712,0.5
2714,0.5
2716,0.5
2717,0.5
2719,0.5
2720,0.5
2721,0.5
2724,0.5
2726,0.5
2727,0.5
2731,0.5
2732,0.5
2734,0.5
2735,0.5
2737,0.5
2738,0.5
2739,0.5
2740,0.5
2741,0.5
2742,0.5
2744,0.5
2745,0.5
2747,0.5
2749,0.5
2753,0.5
2754,0.5
2755,0.5
2757,0.5
2759,0.5
2761,0.5
2762,0.5
2764,0.5
2766,0.5
2772,0.5
2773,0.5
2774,0.5
2775,0.5
2779,0.5
2783,0.5
2785,0.5
2786,0.5
2795,0.5
2796,0.5
2797,0.5
2798,0.5
2800,0.5
2801,0.5
2803,0.5
2805,0.5
2806,0.5
2808,0.5
2809,0.5
2810,0.5
2813,0.5
2815,0.5
2817,0.5
2818,0.5
2820,0.5
2823,0.5
2824,0.5
2827,0.5
2828,0.5
2830,0.5
2831,0.5
2832,0.5
2833,0.5
2835,0.5
2837,0.5
2839,0.5
2840,0.5
2842,0.5
2843,0.5
2844,0.5
2845,0.5
2847,0.5
2848,0.5
2850,0.5
2851,0.5
2854,0.5
2855,0.5
2856,0.5
2857,0.5
2859,0.5
2860,0.5
2862,0.5
2864,0.5
2865,0.5
2867,0.5
2868,0.5
2870,0.5
2872,0.5
2875,0.5
2876,0.5
2879,0.5
2881,0.5
2884,0.5
2887,0.5
2889,0.5
2890,0.5
2891,0.5
2894,0.5
2898,0.5
2900,0.5
2902,0.5
2904,0.5
2913,0.5
2916,0.5
2918,0.5
2919,0.5
2922,0.5
2923,0.5
2925,0.5
2928,0.5
2929,0.5
2931,0.5
2932,0.5
2936,0.5
2938,0.5
2939,0.5
2941,0.5
2943,0.5
2947,0.5
2950,0.5
2953,0.5
2954,0.5
2955,0.5
2956,0.5
2960,0.5
2966,0.5
2967,0.5
2969,0.5
2970,0.5
2971,0.5
2972,0.5
2973,0.5
2974,0.5
2975,0.5
2976,0.5
2979,0.5
2983,0.5
2984,0.5
2990,0.5
2992,0.5
2994,0.5
2999,0.5
3000,0.5
3002,0.5
3004,0.5
3006,0.5
3009,0.5
3010,0.5
3015,0.5
3022,0.5
3024,0.5
3028,0.5
3029,0.5
3031,0.5
3032,0.5
3037,0.5
3039,0.5
3040,0.5
3042,0.5
3045,0.5
3046,0.5
3049,0.5
3052,0.5
3053,0.5
3055,0.5
3060,0.5
3063,0.5
3066,0.5
3067,0.5
3068,0.5
3069,0.5
3072,0.5
3073,0.5
3074,0.5
3076,0.5
3078,0.5
3079,0.5
3081,0.5
3086,0.5
3087,0.5
3088,0.5
3093,0.5
3095,0.5
3100,0.5
3101,0.5
3102,0.5
3103,0.5
3106,0.5
3107,0.5
3109,0.5
3110,0.5
3111,0.5
3113,0.5
3114,0.5
3115,0.5
3122,0.5
3124,0.5
3125,0.5
3130,0.5
3131,0.5
3132,0.5
3133,0.5
3139,0.5
3141,0.5
3142,0.5
3145,0.5
3146,0.5
3148,0.5
3150,0.5
3151,0.5
3152,0.5
3154,0.5
3155,0.5
3157,0.5
3158,0.5
3161,0.5
3162,0.5
3166,0.5
3167,0.5
3170,0.5
3171,0.5
3173,0.5
3174,0.5
3176,0.5
3177,0.5
3178,0.5
3181,0.5
3182,0.5
3183,0.5
3184,0.5
3185,0.5
3189,0.5
3190,0.5
3195,0.5
3196,0.5
3198,0.5
3200,0.5
3202,0.5
3204,0.5
3207,0.5
3209,0.5
3210,0.5
3212,0.5
3213,0.5
3214,0.5
3215,0.5
3216,0.5
3218,0.5
3221,0.5
3222,0.5
3227,0.5
3228,0.5
3230,0.5
3232,0.5
3235,0.5
3236,0.5
3238,0.5
3244,0.5
3245,0.5
3252,0.5
3254,0.5
3255,0.5
3258,0.5
3259,0.5
3261,0.5
3263,0.5
3264,0.5
3266,0.5
3267,0.5
3268,0.5
3269,0.5
3272,0.5
3273,0.5
3275,0.5
3279,0.5
3280,0.5
3282,0.5
3284,0.5
3287,0.5
3291,0.5
3292,0.5
3293,0.5
3294,0.5
3298,0.5
3300,0.5
3302,0.5
3303,0.5
3304,0.5
3305,0.5
3308,0.5
3309,0.5
3312,0.5
3315,0.5
3316,0.5
3318,0.5
3319,0.5
3320,0.5
3321,0.5
3322,0.5
3323,0.5
3324,0.5
3326,0.5
3327,0.5
3328,0.5
3329,0.5
3330,0.5
3332,0.5
3334,0.5
3336,0.5
3337,0.5
3342,0.5
3343,0.5
3344,0.5
3345,0.5
3347,0.5
3348,0.5
3349,0.5
3351,0.5
3354,0.5
3355,0.5
3357,0.5
3359,0.5
3360,0.5
3361,0.5
3362,0.5
3363,0.5
3364,0.5
3367,0.5
3368,0.5
3369,0.5
3370,0.5
3372,0.5
3374,0.5
3375,0.5
3379,0.5
3383,0.5
3386,0.5
3390,0.5
3391,0.5
3392,0.5
3393,0.5
3397,0.5
3400,0.5
3405,0.5
3406,0.5
3407,0.5
3408,0.5
3409,0.5
3413,0.5
3414,0.5
3415,0.5
3417,0.5
3419,0.5
3420,0.5
3422,0.5
3424,0.5
3425,0.5
3426,0.5
3428,0.5
3429,0.5
3430,0.5
3432,0.5
3433,0.5
3435,0.5
3436,0.5
3437,0.5
3438,0.5
3439,0.5
3440,0.5
3441,0.5
3442,0.5
3443,0.5
3447,0.5
3449,0.5
3451,0.5
3453,0.5
3455,0.5
3458,0.5
3461,0.5
3462,0.5
3463,0.5
3469,0.5
3471,0.5
3473,0.5
3474,0.5
3477,0.5
3479,0.5
3482,0.5
3483,0.5
3485,0.5
3487,0.5
3490,0.5
3491,0.5
3495,0.5
3498,0.5
3499,0.5
3500,0.5
3505,0.5
3506,0.5
3507,0.5
3508,0.5
3512,0.5
3515,0.5
3521,0.5
3522,0.5
3523,0.5
3524,0.5
3525,0.5
3526,0.5
3527,0.5
3528,0.5
3530,0.5
3531,0.5
3533,0.5
3535,0.5
3536,0.5
3538,0.5
3540,0.5
3541,0.5
3543,0.5
3545,0.5
3549,0.5
3550,0.5
3551,0.5
3554,0.5
3557,0.5
3558,0.5
3561,0.5
3565,0.5
3567,0.5
3572,0.5
3575,0.5
3578,0.5
3582,0.5
3584,0.5
3585,0.5
3586,0.5
3588,0.5
3589,0.5
3590,0.5
3591,0.5
3592,0.5
3594,0.5
3598,0.5
3601,0.5
3604,0.5
3605,0.5
3606,0.5
3607,0.5
3608,0.5
3609,0.5
3612,0.5
3614,0.5
3615,0.5
3616,0.5
3617,0.5
3618,0.5
3619,0.5
3621,0.5
3623,0.5
3627,0.5
3630,0.5
3631,0.5
3633,0.5
3638,0.5
3641,0.5
3645,0.5
3647,0.5
3648,0.5
3652,0.5
3653,0.5
3655,0.5
3657,0.5
3658,0.5
3659,0.5
3660,0.5
3661,0.5
3662,0.5
3664,0.5
3666,0.5
3668,0.5
3669,0.5
3671,0.5
3672,0.5
3673,0.5
3675,0.5
3676,0.5
3677,0.5
3683,0.5
3684,0.5
3685,0.5
3687,0.5
3697,0.5
3699,0.5
3700,0.5
3701,0.5
3702,0.5
3703,0.5
3704,0.5
3705,0.5
3707,0.5
3708,0.5
3709,0.5
3710,0.5
3716,0.5
3718,0.5
3719,0.5
3721,0.5
3723,0.5
3724,0.5
3725,0.5
3726,0.5
3727,0.5
3729,0.5
3730,0.5
3731,0.5
3736,0.5
3737,0.5
3738,0.5
3739,0.5
3743,0.5
3744,0.5
3748,0.5
3749,0.5
3750,0.5
3754,0.5
3756,0.5
3757,0.5
3760,0.5
3761,0.5
3763,0.5
3765,0.5
3767,0.5
3768,0.5
3771,0.5
3772,0.5
3775,0.5
3776,0.5
3779,0.5
3780,0.5
3781,0.5
3785,0.5
3795,0.5
3796,0.5
3798,0.5
3801,0.5
3802,0.5
3805,0.5
3807,0.5
3809,0.5
3811,0.5
3812,0.5
3816,0.5
3819,0.5
3821,0.5
3825,0.5
3830,0.5
3831,0.5
3832,0.5
3834,0.5
3835,0.5
3838,0.5
3839,0.5
3840,0.5
3842,0.5
3844,0.5
3845,0.5
3846,0.5
3848,0.5
3850,0.5
3851,0.5
3852,0.5
3855,0.5
3856,0.5
3857,0.5
3859,0.5
3860,0.5
3862,0.5
3865,0.5
3866,0.5
3870,0.5
3872,0.5
3875,0.5
3877,0.5
3878,0.5
3879,0.5
3881,0.5
3882,0.5
3883,0.5
3888,0.5
3890,0.5
3893,0.5
3895,0.5
3898,0.5
3901,0.5
3903,0.5
3905,0.5
3906,0.5
3907,0.5
3908,0.5
3909,0.5
3910,0.5
3913,0.5
3914,0.5
3915,0.5
3916,0.5
3917,0.5
3918,0.5
3919,0.5
3920,0.5
3922,0.5
3924,0.5
3925,0.5
3927,0.5
3929,0.5
3930,0.5
3931,0.5
3934,0.5
3935,0.5
3938,0.5
3940,0.5
3942,0.5
3944,0.5
3945,0.5
3946,0.5
3948,0.5
3950,0.5
3953,0.5
3954,0.5
3955,0.5
3956,0.5
3957,0.5
3958,0.5
3962,0.5
3965,0.5
3966,0.5
3967,0.5
3968,0.5
3969,0.5
3971,0.5
3972,0.5
3974,0.5
3975,0.5
3976,0.5
3977,0.5
3978,0.5
3980,0.5
3982,0.5
3984,0.5
3985,0.5
3986,0.5
3989,0.5
3990,0.5
3994,0.5
3995,0.5
3997,0.5
3998,0.5
4000,0.5
4001,0.5
4003,0.5
4006,0.5
4009,0.5
4010,0.5
4012,0.5
4013,0.5
4014,0.5
4015,0.5
4021,0.5
4023,0.5
4025,0.5
4026,0.5
4027,0.5
4028,0.5
4030,0.5
4033,0.5
4034,0.5
4036,0.5
4039,0.5
4040,0.5
4041,0.5
4042,0.5
4043,0.5
4047,0.5
4051,0.5
4054,0.5
4055,0.5
4058,0.5
4059,0.5
4061,0.5
4065,0.5
4069,0.5
4070,0.5
4071,0.5
4073,0.5
4074,0.5
4075,0.5
4076,0.5
4082,0.5
4084,0.5
4089,0.5
4093,0.5
4094,0.5
4095,0.5
4098,0.5
4099,0.5
4100,0.5
4101,0.5
4103,0.5
4104,0.5
4108,0.5
4109,0.5
4110,0.5
4111,0.5
4115,0.5
4117,0.5
4118,0.5
4120,0.5
4123,0.5
4124,0.5
4125,0.5
4129,0.5
4130,0.5
4131,0.5
4133,0.5
4136,0.5
4137,0.5
4138,0.5
4141,0.5
4144,0.5
4145,0.5
4146,0.5
4148,0.5
4149,0.5
4151,0.5
4154,0.5
4156,0.5
4158,0.5
4159,0.5
4160,0.5
4163,0.5
4164,0.5
4166,0.5
4168,0.5
4173,0.5
4175,0.5
4176,0.5
4177,0.5
4178,0.5
4180,0.5
4183,0.5
4185,0.5
4188,0.5
4189,0.5
4191,0.5
4201,0.5
4202,0.5
4203,0.5
4211,0.5
4215,0.5
4217,0.5
4218,0.5
4221,0.5
4222,0.5
4227,0.5
4229,0.5
4232,0.5
4235,0.5
4236,0.5
4237,0.5
4238,0.5
4239,0.5
4241,0.5
4242,0.5
4243,0.5
4247,0.5
4248,0.5
4250,0.5
4253,0.5
4254,0.5
4257,0.5
4258,0.5
4260,0.5
4265,0.5
4274,0.5
4276,0.5
4277,0.5
4279,0.5
4284,0.5
4285,0.5
4287,0.5
4288,0.5
4289,0.5
4292,0.5
4294,0.5
4297,0.5
4299,0.5
4300,0.5
4301,0.5
4302,0.5
4305,0.5
4307,0.5
4308,0.5
4309,0.5
4311,0.5
4312,0.5
4314,0.5
4317,0.5
4318,0.5
4319,0.5
4321,0.5
4322,0.5
4324,0.5
4330,0.5
4331,0.5
4332,0.5
4335,0.5
4339,0.5
4340,0.5
4341,0.5
4342,0.5
4347,0.5
4349,0.5
4350,0.5
4352,0.5
4353,0.5
4354,0.5
4358,0.5
4359,0.5
4361,0.5
4362,0.5
4364,0.5
4365,0.5
4366,0.5
4367,0.5
4368,0.5
4370,0.5
4371,0.5
4372,0.5
4373,0.5
4374,0.5
4378,0.5
4379,0.5
4380,0.5
4381,0.5
4382,0.5
4386,0.5
4387,0.5
4389,0.5
4390,0.5
4391,0.5
4394,0.5
4395,0.5
4396,0.5
4398,0.5
4399,0.5
4400,0.5
4402,0.5
4403,0.5
4405,0.5
4407,0.5
4409,0.5
4411,0.5
4412,0.5
4414,0.5
4415,0.5
4417,0.5
4423,0.5
4427,0.5
4431,0.5
4432,0.5
4433,0.5
4434,0.5
4435,0.5
4436,0.5
4437,0.5
4441,0.5
4442,0.5
4444,0.5
4446,0.5
4448,0.5
4449,0.5
4450,0.5
4451,0.5
4453,0.5
4455,0.5
4456,0.5
4457,0.5
4458,0.5
4460,0.5
4461,0.5
4462,0.5
4463,0.5
4464,0.5
4465,0.5
4467,0.5
4469,0.5
4470,0.5
4474,0.5
4475,0.5
4476,0.5
4477,0.5
4478,0.5
4486,0.5
4487,0.5
4488,0.5
4489,0.5
4490,0.5
4491,0.5
4492,0.5
4493,0.5
4494,0.5
4497,0.5
4500,0.5
4504,0.5
4506,0.5
4508,0.5
4510,0.5
4512,0.5
4513,0.5
4514,0.5
4516,0.5
4519,0.5
4520,0.5
4521,0.5
4522,0.5
4526,0.5
4527,0.5
4530,0.5
4531,0.5
4534,0.5
4535,0.5
4536,0.5
4537,0.5
4540,0.5
4541,0.5
4542,0.5
4543,0.5
4544,0.5
4545,0.5
4546,0.5
4548,0.5
4550,0.5
4551,0.5
4554,0.5
4555,0.5
4556,0.5
4560,0.5
4563,0.5
4564,0.5
4565,0.5
4567,0.5
4569,0.5
4570,0.5
4571,0.5
4572,0.5
4573,0.5
4574,0.5
4575,0.5
4578,0.5
4579,0.5
4580,0.5
4581,0.5
4582,0.5
4583,0.5
4584,0.5
4585,0.5
4587,0.5
4590,0.5
4592,0.5
4594,0.5
4595,0.5
4598,0.5
4599,0.5
4601,0.5
4607,0.5
4608,0.5
4610,0.5
4612,0.5
4613,0.5
4615,0.5
4617,0.5
4619,0.5
4620,0.5
4622,0.5
4627,0.5
4632,0.5
4633,0.5
4637,0.5
4638,0.5
4640,0.5
4641,0.5
4644,0.5
4645,0.5
4653,0.5
4655,0.5
4656,0.5
4659,0.5
4660,0.5
4661,0.5
4665,0.5
4670,0.5
4674,0.5
4677,0.5
4683,0.5
4684,0.5
4685,0.5
4688,0.5
4689,0.5
4692,0.5
4693,0.5
4695,0.5
4698,0.5
4700,0.5
4701,0.5
4702,0.5
4704,0.5
4705,0.5
4706,0.5
4708,0.5
4709,0.5
4712,0.5
4713,0.5
4714,0.5
4715,0.5
4719,0.5
4720,0.5
4721,0.5
4724,0.5
4725,0.5
4728,0.5
4729,0.5
4731,0.5
4732,0.5
4733,0.5
4734,0.5
4735,0.5
4736,0.5
4738,0.5
4740,0.5
4741,0.5
4742,0.5
4746,0.5
4747,0.5
4748,0.5
4751,0.5
4752,0.5
4755,0.5
4756,0.5
4757,0.5
4758,0.5
4764,0.5
4765,0.5
4766,0.5
4767,0.5
4769,0.5
4770,0.5
4771,0.5
4773,0.5
4775,0.5
4776,0.5
4778,0.5
4779,0.5
4782,0.5
4784,0.5
4788,0.5
4789,0.5
4790,0.5
4791,0.5
4792,0.5
4795,0.5
4799,0.5
4801,0.5
4802,0.5
4806,0.5
4807,0.5
4808,0.5
4811,0.5
4817,0.5
4818,0.5
4819,0.5
4823,0.5
4824,0.5
4827,0.5
4829,0.5
4830,0.5
4831,0.5
4833,0.5
4837,0.5
4840,0.5
4843,0.5
4846,0.5
4848,0.5
4849,0.5
4851,0.5
4853,0.5
4855,0.5
4856,0.5
4857,0.5
4859,0.5
4865,0.5
4866,0.5
4867,0.5
4868,0.5
4870,0.5
4873,0.5
4875,0.5
4882,0.5
4884,0.5
4886,0.5
4889,0.5
4890,0.5
4895,0.5
4897,0.5
4898,0.5
4899,0.5
4900,0.5
4903,0.5
4906,0.5
4907,0.5
4908,0.5
4912,0.5
4918,0.5
4919,0.5
4921,0.5
4922,0.5
4924,0.5
4925,0.5
4927,0.5
4928,0.5
4932,0.5
4933,0.5
4934,0.5
4938,0.5
4939,0.5
4941,0.5
4943,0.5
4944,0.5
4946,0.5
4947,0.5
4948,0.5
4949,0.5
4953,0.5
4954,0.5
4956,0.5
4957,0.5
4959,0.5
4961,0.5
4962,0.5
4963,0.5
4964,0.5
4967,0.5
4968,0.5
4970,0.5
4972,0.5
4973,0.5
4976,0.5
4977,0.5
4979,0.5
4983,0.5
4984,0.5
4987,0.5
4992,0.5
4993,0.5
4994,0.5
4996,0.5
4998,0.5
5000,0.5
5002,0.5
5006,0.5
5009,0.5
5010,0.5
5016,0.5
5025,0.5
5031,0.5
5033,0.5
5034,0.5
5036,0.5
5037,0.5
5038,0.5
5040,0.5
5043,0.5
5048,0.5
5050,0.5
5052,0.5
5054,0.5
5057,0.5
5058,0.5
5059,0.5
5060,0.5
5061,0.5
5062,0.5
5064,0.5
5066,0.5
5067,0.5
5069,0.5
5070,0.5
5071,0.5
5072,0.5
5075,0.5
5076,0.5
5079,0.5
5080,0.5
5082,0.5
5084,0.5
5085,0.5
5086,0.5
5089,0.5
5092,0.5
5093,0.5
5094,0.5
5098,0.5
5100,0.5
5102,0.5
5107,0.5
5109,0.5
5112,0.5
5113,0.5
5115,0.5
5117,0.5
5118,0.5
5120,0.5
5121,0.5
5122,0.5
5123,0.5
5124,0.5
5125,0.5
5126,0.5
5127,0.5
5129,0.5
5130,0.5
5131,0.5
5133,0.5
5134,0.5
5135,0.5
5137,0.5
5138,0.5
5140,0.5
5141,0.5
5143,0.5
5144,0.5
5145,0.5
5146,0.5
5148,0.5
5149,0.5
5151,0.5
5152,0.5
5153,0.5
5155,0.5
5156,0.5
5160,0.5
5163,0.5
5167,0.5
5170,0.5
5171,0.5
5175,0.5
5176,0.5
5177,0.5
5178,0.5
5179,0.5
5184,0.5
5185,0.5
5186,0.5
5190,0.5
5193,0.5
5194,0.5
5196,0.5
5197,0.5
5201,0.5
5204,0.5
5206,0.5
5207,0.5
5208,0.5
5209,0.5
5210,0.5
5213,0.5
5214,0.5
5215,0.5
5216,0.5
5218,0.5
5219,0.5
5220,0.5
5221,0.5
5222,0.5
5224,0.5
5225,0.5
5226,0.5
5227,0.5
5228,0.5
5231,0.5
5232,0.5
5234,0.5
5235,0.5
5239,0.5
5240,0.5
5241,0.5
5246,0.5
5247,0.5
5249,0.5
5250,0.5
5252,0.5
5257,0.5
5260,0.5
5262,0.5
5263,0.5
5264,0.5
5268,0.5
5273,0.5
5274,0.5
5275,0.5
5278,0.5
5280,0.5
5281,0.5
5283,0.5
5285,0.5
5288,0.5
5293,0.5
5295,0.5
5296,0.5
5298,0.5
5299,0.5
5303,0.5
5304,0.5
5305,0.5
5310,0.5
5311,0.5
5312,0.5
5313,0.5
5316,0.5
5321,0.5
5322,0.5
5324,0.5
5325,0.5
5328,0.5
5330,0.5
5333,0.5
5336,0.5
5337,0.5
5339,0.5
5342,0.5
5343,0.5
5344,0.5
5348,0.5
5349,0.5
5352,0.5
5353,0.5
5354,0.5
5355,0.5
5360,0.5
5362,0.5
5364,0.5
5365,0.5
5366,0.5
5368,0.5
5369,0.5
5371,0.5
5372,0.5
5373,0.5
5375,0.5
5376,0.5
5378,0.5
5379,0.5
5380,0.5
5386,0.5
5387,0.5
5390,0.5
5391,0.5
5394,0.5
5398,0.5
5400,0.5
5406,0.5
5407,0.5
5408,0.5
5409,0.5
5412,0.5
5414,0.5
5415,0.5
5416,0.5
5417,0.5
5418,0.5
5419,0.5
5420,0.5
5421,0.5
5422,0.5
5423,0.5
5424,0.5
5425,0.5
5427,0.5
5429,0.5
5430,0.5
5431,0.5
5432,0.5
5434,0.5
5436,0.5
5437,0.5
5438,0.5
5443,0.5
5445,0.5
5448,0.5
5452,0.5
5457,0.5
5461,0.5
5462,0.5
5466,0.5
5469,0.5
5470,0.5
5471,0.5
5475,0.5
5479,0.5
5480,0.5
5481,0.5
5484,0.5
5485,0.5
5486,0.5
5488,0.5
5489,0.5
5491,0.5
5493,0.5
5494,0.5
5496,0.5
5498,0.5
5499,0.5
5500,0.5
5502,0.5
5503,0.5
5505,0.5
5506,0.5
5510,0.5
5514,0.5
5516,0.5
5517,0.5
5519,0.5
5521,0.5
5524,0.5
5525,0.5
5526,0.5
5528,0.5
5529,0.5
5531,0.5
5532,0.5
5534,0.5
5538,0.5
5539,0.5
5543,0.5
5546,0.5
5548,0.5
5549,0.5
5553,0.5
5555,0.5
5556,0.5
5561,0.5
5562,0.5
5563,0.5
5569,0.5
5570,0.5
5572,0.5
5574,0.5
5575,0.5
5578,0.5
5579,0.5
5581,0.5
5582,0.5
5583,0.5
5584,0.5
5587,0.5
5589,0.5
5590,0.5
5591,0.5
5592,0.5
5594,0.5
5596,0.5
5599,0.5
5600,0.5
5602,0.5
5609,0.5
5611,0.5
5614,0.5
5616,0.5
5618,0.5
5619,0.5
5620,0.5
5622,0.5
5625,0.5
5626,0.5
5627,0.5
5628,0.5
5629,0.5
5632,0.5
5633,0.5
5634,0.5
5635,0.5
5639,0.5
5640,0.5
5641,0.5
5642,0.5
5644,0.5
5648,0.5
5650,0.5
5651,0.5
5652,0.5
5654,0.5
5656,0.5
5659,0.5
5660,0.5
5664,0.5
5666,0.5
5670,0.5
5674,0.5
5676,0.5
5677,0.5
5678,0.5
5681,0.5
5684,0.5
5685,0.5
5688,0.5
5692,0.5
5698,0.5
5700,0.5
5701,0.5
5704,0.5
5705,0.5
5706,0.5
5708,0.5
5710,0.5
5712,0.5
5717,0.5
5720,0.5
5721,0.5
5722,0.5
5723,0.5
5725,0.5
5728,0.5
5731,0.5
5735,0.5
5736,0.5
5737,0.5
5738,0.5
5739,0.5
5742,0.5
5744,0.5
5746,0.5
5750,0.5
5751,0.5
5756,0.5
5759,0.5
5762,0.5
5763,0.5
5764,0.5
5765,0.5
5766,0.5
5768,0.5
5769,0.5
5770,0.5
5774,0.5
5775,0.5
5778,0.5
5781,0.5
5782,0.5
5783,0.5
5786,0.5
5789,0.5
5792,0.5
5793,0.5
5799,0.5
5801,0.5
5803,0.5
5805,0.5
5806,0.5
5807,0.5
5808,0.5
5812,0.5
5814,0.5
5815,0.5
5816,0.5
5820,0.5
5823,0.5
5824,0.5
5825,0.5
5826,0.5
5827,0.5
5829,0.5
5830,0.5
5831,0.5
5832,0.5
5833,0.5
5835,0.5
5836,0.5
5838,0.5
5839,0.5
5840,0.5
5841,0.5
5852,0.5
5854,0.5
5855,0.5
5859,0.5
5860,0.5
5863,0.5
5864,0.5
5867,0.5
5870,0.5
5873,0.5
5874,0.5
5875,0.5
5878,0.5
5879,0.5
5880,0.5
5882,0.5
5884,0.5
5885,0.5
5887,0.5
5888,0.5
5890,0.5
5891,0.5
5893,0.5
5897,0.5
5900,0.5
5901,0.5
5905,0.5
5907,0.5
5908,0.5
5911,0.5
5913,0.5
5914,0.5
5918,0.5
5919,0.5
5923,0.5
5926,0.5
5928,0.5
5929,0.5
5932,0.5
5934,0.5
5935,0.5
5936,0.5
5938,0.5
5939,0.5
5943,0.5
5945,0.5
5949,0.5
5950,0.5
5953,0.5
5954,0.5
5957,0.5
5960,0.5
5962,0.5
5963,0.5
5964,0.5
5966,0.5
5973,0.5
5974,0.5
5976,0.5
5980,0.5
5981,0.5
5982,0.5
5983,0.5
5985,0.5
5987,0.5
5988,0.5
5990,0.5
5992,0.5
5993,0.5
5997,0.5
5998,0.5
6001,0.5
6004,0.5
6006,0.5
6008,0.5
6010,0.5
6011,0.5
6012,0.5
6013,0.5
6017,0.5
6018,0.5
6019,0.5
6020,0.5
6024,0.5
6025,0.5
6028,0.5
6030,0.5
6031,0.5
6033,0.5
6039,0.5
6040,0.5
6041,0.5
6043,0.5
6044,0.5
6046,0.5
6049,0.5
6050,0.5
6052,0.5
6057,0.5
6058,0.5
6060,0.5
6061,0.5
6063,0.5
6064,0.5
6067,0.5
6068,0.5
6069,0.5
6070,0.5
6072,0.5
6075,0.5
6077,0.5
6080,0.5
6082,0.5
6084,0.5
6087,0.5
6089,0.5
6091,0.5
6092,0.5
6095,0.5
6099,0.5
6100,0.5
6103,0.5
6105,0.5
6107,0.5
6108,0.5
6109,0.5
6110,0.5
6111,0.5
6112,0.5
6113,0.5
6114,0.5
6116,0.5
6117,0.5
6118,0.5
6119,0.5
6120,0.5
6123,0.5
6125,0.5
6126,0.5
6127,0.5
6130,0.5
6132,0.5
6133,0.5
6134,0.5
6140,0.5
6142,0.5
6145,0.5
6146,0.5
6147,0.5
6149,0.5
6150,0.5
6154,0.5
6155,0.5
6156,0.5
6158,0.5
6159,0.5
6162,0.5
6163,0.5
6164,0.5
6166,0.5
6170,0.5
6173,0.5
6174,0.5
6177,0.5
6183,0.5
6185,0.5
6186,0.5
6188,0.5
6191,0.5
6193,0.5
6197,0.5
6199,0.5
6200,0.5
6201,0.5
6202,0.5
6206,0.5
6207,0.5
6208,0.5
6212,0.5
6215,0.5
6221,0.5
6222,0.5
6223,0.5
6224,0.5
6225,0.5
6226,0.5
6227,0.5
6228,0.5
6229,0.5
6230,0.5
6235,0.5
6236,0.5
6239,0.5
6240,0.5
6242,0.5
6243,0.5
6246,0.5
6247,0.5
6248,0.5
6252,0.5
6256,0.5
6260,0.5
6265,0.5
6268,0.5
6270,0.5
6271,0.5
6272,0.5
6274,0.5
6277,0.5
6280,0.5
6282,0.5
6285,0.5
6288,0.5
6289,0.5
6290,0.5
6291,0.5
6293,0.5
6294,0.5
6295,0.5
6297,0.5
6298,0.5
6299,0.5
6301,0.5
6302,0.5
6305,0.5
6306,0.5
6307,0.5
6308,0.5
6310,0.5
6312,0.5
6314,0.5
6315,0.5
6316,0.5
6318,0.5
6320,0.5
6321,0.5
6322,0.5
6324,0.5
6325,0.5
6326,0.5
6327,0.5
6330,0.5
6332,0.5
6333,0.5
6335,0.5
6337,0.5
6338,0.5
6339,0.5
6340,0.5
6342,0.5
6343,0.5
6346,0.5
6347,0.5
6349,0.5
6350,0.5
6352,0.5
6353,0.5
6356,0.5
6357,0.5
6358,0.5
6359,0.5
6360,0.5
6361,0.5
6362,0.5
6364,0.5
6367,0.5
6370,0.5
6371,0.5
6372,0.5
6378,0.5
6379,0.5
6380,0.5
6381,0.5
6383,0.5
6384,0.5
6387,0.5
6389,0.5
6390,0.5
6391,0.5
6395,0.5
6396,0.5
6398,0.5
6399,0.5
6401,0.5
6404,0.5
6405,0.5
6406,0.5
6407,0.5
6409,0.5
6410,0.5
6411,0.5
6412,0.5
6413,0.5
6418,0.5
6422,0.5
6429,0.5
6431,0.5
6432,0.5
6434,0.5
6435,0.5
6436,0.5
6437,0.5
6440,0.5
6441,0.5
6442,0.5
6449,0.5
6450,0.5
6452,0.5
6454,0.5
6456,0.5
6458,0.5
6460,0.5
6464,0.5
6465,0.5
6469,0.5
6470,0.5
6472,0.5
6473,0.5
6476,0.5
6477,0.5
6479,0.5
6482,0.5
6486,0.5
6488,0.5
6492,0.5
6493,0.5
6494,0.5
6495,0.5
6496,0.5
6497,0.5
6501,0.5
6505,0.5
6506,0.5
6507,0.5
6510,0.5
6514,0.5
6516,0.5
6517,0.5
6518,0.5
6519,0.5
6520,0.5
6524,0.5
6525,0.5
6528,0.5
6529,0.5
6530,0.5
6533,0.5
6534,0.5
6536,0.5
6537,0.5
6541,0.5
6542,0.5
6544,0.5
6547,0.5
6548,0.5
6549,0.5
6551,0.5
6552,0.5
6554,0.5
6556,0.5
6557,0.5
6558,0.5
6559,0.5
6560,0.5
6564,0.5
6566,0.5
6567,0.5
6568,0.5
6569,0.5
6571,0.5
6574,0.5
6577,0.5
6578,0.5
6579,0.5
6580,0.5
6581,0.5
6584,0.5
6585,0.5
6586,0.5
6588,0.5
6590,0.5
6593,0.5
6594,0.5
6598,0.5
6600,0.5
6602,0.5
6604,0.5
6605,0.5
6608,0.5
6609,0.5
6610,0.5
6611,0.5
6614,0.5
6615,0.5
6616,0.5
6622,0.5
6625,0.5
6626,0.5
6627,0.5
6628,0.5
6629,0.5
6630,0.5
6632,0.5
6638,0.5
6640,0.5
6644,0.5
6645,0.5
6646,0.5
6648,0.5
6649,0.5
6650,0.5
6651,0.5
6652,0.5
6657,0.5
6658,0.5
6661,0.5
6662,0.5
6663,0.5
6664,0.5
6665,0.5
6666,0.5
6668,0.5
6669,0.5
6670,0.5
6671,0.5
6672,0.5
6673,0.5
6674,0.5
6675,0.5
6676,0.5
6677,0.5
6678,0.5
6679,0.5
6682,0.5
6687,0.5
6688,0.5
6691,0.5
6692,0.5
6693,0.5
6694,0.5
6695,0.5
6696,0.5
6697,0.5
6698,0.5
6699,0.5
6701,0.5
6702,0.5
6704,0.5
6705,0.5
6706,0.5
6708,0.5
6711,0.5
6712,0.5
6713,0.5
6714,0.5
6718,0.5
6719,0.5
6720,0.5
6721,0.5
6722,0.5
6723,0.5
6725,0.5
6726,0.5
6727,0.5
6728,0.5
6729,0.5
6732,0.5
6733,0.5
6734,0.5
6738,0.5
6743,0.5
6745,0.5
6746,0.5
6748,0.5
6749,0.5
6752,0.5
6753,0.5
6754,0.5
6755,0.5
6756,0.5
6758,0.5
6760,0.5
6768,0.5
6769,0.5
6771,0.5
6774,0.5
6775,0.5
6776,0.5
6784,0.5
6785,0.5
6786,0.5
6787,0.5
6788,0.5
6790,0.5
6791,0.5
6792,0.5
6793,0.5
6797,0.5
6798,0.5
6799,0.5
6800,0.5
6805,0.5
6806,0.5
6807,0.5
6809,0.5
6816,0.5
6820,0.5
6822,0.5
6823,0.5
6824,0.5
6825,0.5
6827,0.5
6828,0.5
6829,0.5
6830,0.5
6834,0.5
6835,0.5
6837,0.5
6839,0.5
6843,0.5
6844,0.5
6846,0.5
6852,0.5
6853,0.5
6859,0.5
6862,0.5
6865,0.5
6866,0.5
6868,0.5
6870,0.5
6871,0.5
6872,0.5
6874,0.5
6876,0.5
6877,0.5
6878,0.5
6880,0.5
6883,0.5
6887,0.5
6890,0.5
6892,0.5
6893,0.5
6894,0.5
6895,0.5
6896,0.5
6898,0.5
6899,0.5
6900,0.5
6901,0.5
6902,0.5
6906,0.5
6908,0.5
6909,0.5
6911,0.5
6912,0.5
6913,0.5
6914,0.5
6916,0.5
6918,0.5
6920,0.5
6921,0.5
6922,0.5
6925,0.5
6926,0.5
6927,0.5
6928,0.5
6932,0.5
6933,0.5
6934,0.5
6935,0.5
6936,0.5
6940,0.5
6942,0.5
6943,0.5
6945,0.5
6950,0.5
6951,0.5
6952,0.5
6954,0.5
6957,0.5
6958,0.5
6960,0.5
6961,0.5
6963,0.5
6964,0.5
6965,0.5
6967,0.5
6968,0.5
6970,0.5
6972,0.5
6973,0.5
6974,0.5
6976,0.5
6978,0.5
6981,0.5
6984,0.5
6985,0.5
6988,0.5
6989,0.5
6991,0.5
6992,0.5
6995,0.5
7000,0.5
7004,0.5
7007,0.5
7008,0.5
7010,0.5
7012,0.5
7013,0.5
7014,0.5
7015,0.5
7019,0.5
7020,0.5
7021,0.5
7023,0.5
7027,0.5
7028,0.5
7029,0.5
7031,0.5
7032,0.5
7034,0.5
7037,0.5
7039,0.5
7042,0.5
